<?xml version="1.0" encoding="utf-8" ?>
<gadget>
  <name>$safeprojectname$</name>
  <namespace>$safeprojectname$</namespace>
  <version>1.0.0.0</version>
  <author name="[Your Name]">
    <info url="[Your Web site]" />
    <logo src="Logo.png" />
  </author>
  <copyright>Copyright (c) 2007</copyright>
  <description>[Description]</description>
  <icons>
    <icon height="48" width="48" src="GadgetIcon.png" />
  </icons>
  <hosts>
    <host name="sidebar">
      <base type="HTML" apiVersion="1.0.0" src="Gadget.htm" />
      <permissions>Full</permissions>
      <platform minPlatformVersion="1.0" />
      <defaultImage src="Gadget.png" />
    </host>
  </hosts>
</gadget>